[
    {
        "id": "5d0d37a31750367a",
        "type": "tab",
        "label": "Flow 2",
        "disabled": false,
        "info": "",
        "env": []
    },
    {
        "id": "94dec8a90ad55ae6",
        "type": "http in",
        "z": "5d0d37a31750367a",
        "name": "",
        "url": "leitura",
        "method": "get",
        "upload": false,
        "swaggerDoc": "",
        "x": 130,
        "y": 400,
        "wires": [
            [
                "8ad122ab455ba8e6"
            ]
        ]
    },
    {
        "id": "8ad122ab455ba8e6",
        "type": "cloudantplus in",
        "z": "5d0d37a31750367a",
        "name": "",
        "cloudant": "73e61778b2e40f48",
        "database": "vlademir",
        "service": "_ext_",
        "search": "_all_",
        "design": "",
        "index": "",
        "x": 360,
        "y": 400,
        "wires": [
            [
                "17a2f64e3873e728",
                "f1395105297a9af9"
            ]
        ]
    },
    {
        "id": "f1395105297a9af9",
        "type": "debug",
        "z": "5d0d37a31750367a",
        "name": "debug 1",
        "active": true,
        "tosidebar": true,
        "console": false,
        "tostatus": false,
        "complete": "false",
        "statusVal": "",
        "statusType": "auto",
        "x": 500,
        "y": 340,
        "wires": []
    },
    {
        "id": "17a2f64e3873e728",
        "type": "http response",
        "z": "5d0d37a31750367a",
        "name": "",
        "statusCode": "",
        "headers": {},
        "x": 550,
        "y": 460,
        "wires": []
    },
    {
        "id": "60567f1a36487f35",
        "type": "http in",
        "z": "5d0d37a31750367a",
        "name": "",
        "url": "enviar",
        "method": "post",
        "upload": false,
        "swaggerDoc": "",
        "x": 90,
        "y": 640,
        "wires": [
            [
                "51fd826881487ab0"
            ]
        ]
    },
    {
        "id": "43b9dfd36cac41d3",
        "type": "debug",
        "z": "5d0d37a31750367a",
        "name": "debug 2",
        "active": true,
        "tosidebar": true,
        "console": false,
        "tostatus": false,
        "complete": "false",
        "statusVal": "",
        "statusType": "auto",
        "x": 780,
        "y": 600,
        "wires": []
    },
    {
        "id": "188aac6b5d196fc6",
        "type": "http response",
        "z": "5d0d37a31750367a",
        "name": "",
        "statusCode": "",
        "headers": {},
        "x": 770,
        "y": 720,
        "wires": []
    },
    {
        "id": "2a1d3e69edb660bd",
        "type": "cloudantplus out",
        "z": "5d0d37a31750367a",
        "name": "",
        "cloudant": "73e61778b2e40f48",
        "database": "vlademir",
        "service": "_ext_",
        "payonly": true,
        "operation": "insert",
        "x": 540,
        "y": 660,
        "wires": [
            [
                "43b9dfd36cac41d3",
                "188aac6b5d196fc6"
            ]
        ]
    },
    {
        "id": "1361ed297567ff80",
        "type": "http in",
        "z": "5d0d37a31750367a",
        "name": "",
        "url": "deletar",
        "method": "delete",
        "upload": false,
        "swaggerDoc": "",
        "x": 220,
        "y": 860,
        "wires": [
            [
                "9d1a23fdf4a4e22a"
            ]
        ]
    },
    {
        "id": "1ac9a79309797aee",
        "type": "debug",
        "z": "5d0d37a31750367a",
        "name": "debug 3",
        "active": true,
        "tosidebar": true,
        "console": false,
        "tostatus": false,
        "complete": "false",
        "statusVal": "",
        "statusType": "auto",
        "x": 640,
        "y": 800,
        "wires": []
    },
    {
        "id": "f722902790b0373b",
        "type": "http response",
        "z": "5d0d37a31750367a",
        "name": "",
        "statusCode": "",
        "headers": {},
        "x": 630,
        "y": 920,
        "wires": []
    },
    {
        "id": "9d1a23fdf4a4e22a",
        "type": "cloudantplus out",
        "z": "5d0d37a31750367a",
        "name": "",
        "cloudant": "73e61778b2e40f48",
        "database": "vlademir",
        "service": "_ext_",
        "payonly": true,
        "operation": "delete",
        "x": 400,
        "y": 860,
        "wires": [
            [
                "1ac9a79309797aee",
                "f722902790b0373b"
            ]
        ]
    },
    {
        "id": "51fd826881487ab0",
        "type": "switch",
        "z": "5d0d37a31750367a",
        "name": "verifica",
        "property": "payload",
        "propertyType": "msg",
        "rules": [
            {
                "t": "istype",
                "v": "array",
                "vt": "array"
            },
            {
                "t": "else"
            }
        ],
        "checkall": "true",
        "repair": false,
        "outputs": 2,
        "x": 260,
        "y": 640,
        "wires": [
            [
                "e6467b87bc7625b4"
            ],
            [
                "2a1d3e69edb660bd"
            ]
        ]
    },
    {
        "id": "e6467b87bc7625b4",
        "type": "split",
        "z": "5d0d37a31750367a",
        "name": "",
        "splt": "\\n",
        "spltType": "str",
        "arraySplt": 1,
        "arraySpltType": "len",
        "stream": false,
        "addname": "",
        "x": 410,
        "y": 580,
        "wires": [
            [
                "2a1d3e69edb660bd"
            ]
        ]
    },
    {
        "id": "73e61778b2e40f48",
        "type": "cloudantplus",
        "host": "https://8685b21f-dcdc-4864-a9bc-84e5121ccc12-bluemix.cloudantnosqldb.appdomain.cloud",
        "name": "Vlademir",
        "useapikey": true,
        "credentials": {}
    }
]